<?xml version='1.0' encoding='UTF-8'?>
<com.cloudbees.plugins.credentials.SystemCredentialsProvider plugin="credentials@1.24">
    <domainCredentialsMap class="hudson.util.CopyOnWriteMap$Hash">
        <entry>
            <com.cloudbees.plugins.credentials.domains.Domain>
                <specifications/>
            </com.cloudbees.plugins.credentials.domains.Domain>
            <java.util.concurrent.CopyOnWriteArrayList>
                <com.cloudbees.jenkins.plugins.sshcredentials.impl.BasicSSHUserPrivateKey plugin="ssh-credentials@1.11">
                    <scope>GLOBAL</scope>
                    <id>c03451d6-4552-4719-9033-39e65a23184c</id>
                    <description></description>
                    <username>vagrant</username>
                    <passphrase>RAvSHl6++iMdzyU2yEKipA==</passphrase>
                    <privateKeySource class="com.cloudbees.jenkins.plugins.sshcredentials.impl.BasicSSHUserPrivateKey$FileOnMasterPrivateKeySource">
                        <privateKeyFile>/machines/swarm-master/virtualbox/private_key</privateKeyFile>
                    </privateKeySource>
                </com.cloudbees.jenkins.plugins.sshcredentials.impl.BasicSSHUserPrivateKey>
            </java.util.concurrent.CopyOnWriteArrayList>
        </entry>
    </domainCredentialsMap>
</com.cloudbees.plugins.credentials.SystemCredentialsProvider>